usage_id,customer_id,service_type,data_used,minutes_used,usage_date
1,178,Broadband.Streaming,245.03,2097,2020-06-26
2,594,Broadband.Streaming,140.34,6506,2021-05-18
3,61,Mobile,703.56,1034,2020-10-28
4,670,Broadband.Streaming,105.89,674,2023-03-16
5,632,Mobile,110.16,6355,2023-01-02
6,100,Broadband.Streaming,361.26,3141,2021-03-29
7,706,Broadband.Streaming,819.95,7143,2021-05-28
8,466,Broadband.Streaming,458.81,2893,2020-02-28
9,853,Broadband.Streaming,767.05,4831,2022-01-27
10,217,Mobile,45.23,2350,2021-03-26
11,543,Broadband.Streaming,187.78,9828,2022-07-04
12,374,Broadband.Streaming,354.97,7687,2023-09-17
13,562,Broadband.Streaming,937.52,7871,2020-03-05
14,433,Mobile,636.72,5156,2021-09-18
15,171,Mobile,136.31,6175,2021-08-16
16,671,Mobile,996.66,3825,2023-08-30
17,153,Broadband.Streaming,224.8,7883,2022-06-21
18,84,Mobile,156.26,327,2020-06-12
19,478,Broadband.Streaming,829.42,7767,2020-09-30
20,185,Broadband.Streaming,922.74,4690,2022-09-08
21,819,Mobile,944.89,6436,2021-06-10
22,669,Broadband.Streaming,637.5,9620,2023-04-09
23,46,Mobile,283.42,2053,2023-07-29
24,333,Broadband.Streaming,423.69,4104,2020-03-06
25,514,Broadband.Streaming,38.42,9359,2022-11-19
26,425,Broadband.Streaming,507.88,2717,2021-12-18
27,2,Mobile,34.01,9561,2022-07-20
28,447,Broadband.Streaming,638.92,6523,2021-11-19
29,92,Broadband.Streaming,685.64,4379,2020-02-05
30,24,Mobile,9.02,7938,2021-02-27
31,726,Mobile,905.03,9413,2021-09-08
32,153,Mobile,57.57,3099,2022-08-06
33,952,Mobile,384.02,6470,2023-07-21
34,896,Broadband.Streaming,357.41,6186,2023-12-29
35,644,Mobile,823.45,4387,2022-04-06
36,484,Mobile,711.57,2062,2020-06-03
37,448,Broadband.Streaming,981.65,1442,2023-03-22
38,630,Broadband.Streaming,939.09,3075,2023-06-25
39,21,Mobile,793.85,9437,2023-08-06
40,783,Mobile,141.19,6838,2020-12-01
41,120,Mobile,34.83,7845,2021-11-23
42,42,Broadband.Streaming,490.21,2079,2023-01-12
43,508,Mobile,380.18,5012,2022-06-15
44,257,Broadband.Streaming,607.66,3235,2023-01-28
45,261,Broadband.Streaming,324.3,8511,2023-04-09
46,252,Broadband.Streaming,910.35,3082,2020-03-15
47,533,Mobile,888.14,2694,2023-07-28
48,479,Mobile,460.05,9239,2020-07-20
49,179,Mobile,308.9,2780,2022-12-27
50,496,Mobile,794.21,5466,2020-07-06
51,345,Broadband.Streaming,339.71,7156,2022-03-17
52,37,Broadband.Streaming,153.64,1423,2023-11-11
53,184,Broadband.Streaming,462.2,3626,2021-11-03
54,333,Broadband.Streaming,719.33,9132,2022-05-17
55,582,Broadband.Streaming,828.65,3236,2020-03-28
56,110,Broadband.Streaming,204.08,5912,2022-03-07
57,354,Mobile,121.51,9116,2021-02-24
58,242,Mobile,56.94,8276,2020-08-26
59,254,Mobile,43.27,2575,2021-12-29
60,986,Mobile,902.76,5708,2020-10-07
61,109,Mobile,384.59,2690,2023-02-06
62,648,Mobile,662.56,2955,2022-01-11
63,491,Broadband.Streaming,289.4,9833,2020-05-27
64,613,Broadband.Streaming,295.55,3227,2021-08-08
65,560,Mobile,542.24,8479,2020-07-10
66,966,Mobile,137.73,3004,2023-07-17
67,531,Broadband.Streaming,561.49,4305,2021-04-27
68,851,Mobile,231.2,1667,2022-07-16
69,348,Broadband.Streaming,683.23,50,2020-06-05
70,964,Broadband.Streaming,962.71,3700,2021-03-04
71,567,Mobile,672.34,5866,2021-08-28
72,826,Mobile,582.14,3376,2020-09-25
73,137,Mobile,129.77,980,2023-04-02
74,233,Mobile,371.19,3834,2021-09-03
75,923,Mobile,739.0,6660,2023-09-05
76,474,Broadband.Streaming,56.05,4398,2022-10-25
77,964,Broadband.Streaming,530.2,9985,2022-10-31
78,786,Broadband.Streaming,866.21,4636,2023-07-26
79,712,Mobile,976.7,685,2022-08-10
80,582,Mobile,535.32,3483,2022-11-12
81,186,Broadband.Streaming,361.16,9917,2022-10-22
82,193,Mobile,230.87,8523,2023-03-26
83,784,Broadband.Streaming,642.57,7459,2021-07-06
84,576,Mobile,975.47,3492,2023-04-17
85,427,Mobile,287.41,2546,2021-08-08
86,14,Mobile,448.61,9555,2020-04-08
87,974,Broadband.Streaming,785.69,8718,2020-05-11
88,918,Mobile,841.32,6192,2020-01-24
89,493,Mobile,557.62,7157,2022-09-26
90,357,Broadband.Streaming,390.27,8439,2020-05-24
91,816,Broadband.Streaming,691.59,6508,2020-07-14
92,68,Broadband.Streaming,84.92,8536,2022-04-29
93,580,Mobile,285.44,2423,2023-12-06
94,310,Mobile,932.5,4061,2021-05-12
95,621,Broadband.Streaming,833.48,7240,2022-08-13
96,712,Mobile,292.35,5022,2022-11-10
97,872,Broadband.Streaming,401.99,7504,2022-01-03
98,276,Broadband.Streaming,277.42,9854,2020-11-19
99,331,Mobile,105.99,5715,2020-09-13
100,399,Mobile,473.46,2454,2020-06-23
101,163,Broadband.Streaming,532.14,7960,2022-02-08
102,38,Broadband.Streaming,638.86,1524,2021-09-21
103,911,Mobile,40.35,9131,2023-12-06
104,266,Broadband.Streaming,914.0,2574,2022-06-23
105,394,Mobile,155.15,6743,2020-12-03
106,941,Mobile,41.08,72,2023-05-07
107,905,Broadband.Streaming,688.18,9244,2020-07-19
108,132,Broadband.Streaming,306.2,8528,2020-11-20
109,984,Broadband.Streaming,399.28,229,2023-11-20
110,581,Broadband.Streaming,839.21,7461,2022-06-12
111,757,Broadband.Streaming,555.56,4689,2023-06-16
112,363,Broadband.Streaming,329.04,1596,2020-05-15
113,902,Mobile,546.55,2909,2023-01-15
114,541,Mobile,888.21,9717,2021-08-10
115,704,Broadband.Streaming,853.47,117,2021-01-29
116,610,Broadband.Streaming,339.19,3202,2021-06-22
117,272,Mobile,97.39,9716,2021-06-17
118,65,Mobile,153.48,416,2020-02-07
119,514,Broadband.Streaming,447.66,7527,2022-01-11
120,804,Broadband.Streaming,512.38,4875,2022-03-02
121,46,Mobile,438.4,8133,2021-08-24
122,617,Mobile,519.66,3397,2021-03-10
123,688,Broadband.Streaming,936.83,4062,2020-01-10
124,177,Broadband.Streaming,900.65,6596,2022-09-17
125,401,Broadband.Streaming,591.49,6865,2023-09-10
126,107,Broadband.Streaming,145.94,204,2020-04-28
127,208,Mobile,66.22,5771,2021-06-05
128,772,Broadband.Streaming,0.11,1323,2021-12-06
129,139,Mobile,622.57,8299,2022-04-12
130,511,Broadband.Streaming,130.48,1372,2020-03-15
131,597,Broadband.Streaming,565.25,5668,2022-04-17
132,865,Broadband.Streaming,897.45,6054,2022-03-30
133,619,Mobile,381.66,8282,2021-03-24
134,145,Broadband.Streaming,8.42,3959,2021-06-24
135,144,Mobile,375.21,3990,2020-03-01
136,13,Mobile,37.29,8662,2023-08-04
137,546,Mobile,436.78,927,2022-09-05
138,976,Broadband.Streaming,677.94,2658,2020-05-14
139,170,Mobile,344.38,4268,2020-09-09
140,49,Broadband.Streaming,74.08,7560,2021-04-13
141,782,Mobile,161.53,9182,2022-05-28
142,394,Broadband.Streaming,237.84,2054,2022-09-01
143,636,Broadband.Streaming,772.21,9864,2022-09-20
144,762,Mobile,406.74,9056,2020-02-11
145,719,Mobile,7.08,1936,2022-04-09
146,903,Mobile,630.76,6964,2022-06-29
147,922,Mobile,689.52,8473,2023-08-02
148,344,Broadband.Streaming,225.37,9814,2023-11-04
149,494,Broadband.Streaming,379.62,2251,2021-08-03
150,930,Mobile,261.89,9148,2023-02-18
151,108,Broadband.Streaming,457.33,7433,2021-03-08
152,884,Broadband.Streaming,208.37,9684,2022-03-30
153,245,Broadband.Streaming,582.0,1325,2023-02-09
154,710,Broadband.Streaming,556.1,8874,2020-07-07
155,833,Broadband.Streaming,313.82,6940,2022-05-27
156,698,Mobile,589.83,4182,2022-03-17
157,107,Broadband.Streaming,54.35,7783,2023-12-15
158,410,Mobile,309.03,7225,2020-09-14
159,485,Broadband.Streaming,963.94,660,2021-06-08
160,584,Broadband.Streaming,891.73,9748,2022-09-20
161,462,Broadband.Streaming,644.49,9541,2021-10-27
162,789,Mobile,52.39,1984,2021-08-12
163,697,Mobile,480.43,5645,2023-08-22
164,329,Mobile,638.56,415,2021-04-13
165,285,Mobile,942.23,1330,2023-04-01
166,990,Broadband.Streaming,794.81,7019,2023-03-19
167,202,Mobile,588.45,8962,2020-06-29
168,647,Broadband.Streaming,432.36,1995,2021-06-21
169,137,Broadband.Streaming,794.48,9350,2020-10-24
170,48,Broadband.Streaming,491.49,5753,2020-03-07
171,293,Mobile,450.46,7681,2021-05-01
172,644,Mobile,555.91,6059,2020-05-17
173,967,Mobile,789.35,6258,2023-04-17
174,712,Mobile,339.71,2454,2020-02-11
175,636,Broadband.Streaming,303.74,5239,2021-03-06
176,422,Mobile,986.92,9833,2020-08-13
177,273,Broadband.Streaming,111.93,4358,2022-05-13
178,241,Broadband.Streaming,48.21,9732,2023-05-20
179,970,Broadband.Streaming,690.64,1385,2022-10-14
180,388,Mobile,218.18,2860,2023-09-06
181,929,Mobile,210.38,9251,2022-10-28
182,504,Mobile,621.82,6781,2023-12-27
183,161,Mobile,25.94,5605,2021-10-14
184,759,Mobile,431.72,79,2022-06-30
185,399,Mobile,261.94,8024,2023-12-16
186,671,Mobile,47.94,5870,2020-12-17
187,710,Mobile,763.03,4441,2020-09-29
188,574,Broadband.Streaming,393.65,5106,2021-11-20
189,9,Mobile,387.82,3814,2020-09-24
190,910,Broadband.Streaming,117.35,4572,2023-12-03
191,87,Mobile,781.62,9320,2021-07-18
192,431,Mobile,636.39,5778,2023-01-11
193,891,Broadband.Streaming,151.58,2748,2023-04-23
194,587,Broadband.Streaming,575.27,2796,2020-02-19
195,698,Broadband.Streaming,903.94,2977,2022-04-10
196,85,Broadband.Streaming,668.93,8026,2022-03-31
197,913,Mobile,121.19,3829,2021-11-09
198,316,Broadband.Streaming,86.39,2330,2020-12-06
199,136,Broadband.Streaming,804.49,2528,2022-02-16
200,309,Broadband.Streaming,171.13,4725,2020-07-26
201,353,Broadband.Streaming,42.21,9085,2021-03-15
202,538,Mobile,749.23,5269,2021-01-25
203,13,Broadband.Streaming,961.01,6946,2023-11-29
204,998,Broadband.Streaming,103.92,7913,2023-02-01
205,274,Mobile,157.29,9074,2022-01-10
206,975,Broadband.Streaming,420.9,16,2021-12-12
207,649,Broadband.Streaming,54.68,3593,2023-07-31
208,169,Broadband.Streaming,664.16,1759,2022-04-26
209,632,Broadband.Streaming,727.83,3061,2020-02-02
210,919,Broadband.Streaming,70.71,3767,2023-09-23
211,563,Mobile,870.07,8089,2021-10-08
212,484,Mobile,830.4,6992,2020-07-18
213,510,Mobile,73.5,7658,2023-10-28
214,999,Mobile,104.4,7353,2023-06-05
215,382,Mobile,493.19,5294,2023-04-28
216,364,Broadband.Streaming,483.1,580,2020-07-25
217,619,Broadband.Streaming,590.22,7097,2020-05-10
218,951,Broadband.Streaming,997.56,7509,2021-11-25
219,244,Broadband.Streaming,83.72,6494,2021-10-28
220,954,Mobile,559.74,6259,2021-11-13
221,762,Mobile,133.24,2503,2022-02-15
222,929,Broadband.Streaming,670.24,1116,2022-11-24
223,839,Broadband.Streaming,764.91,4599,2023-07-25
224,56,Broadband.Streaming,923.56,1146,2023-08-13
225,310,Mobile,397.81,4270,2023-04-20
226,800,Mobile,259.11,4720,2023-10-09
227,486,Broadband.Streaming,212.75,358,2021-05-20
228,189,Mobile,780.35,3601,2022-07-04
229,292,Mobile,784.08,9851,2022-07-19
230,264,Broadband.Streaming,928.2,4425,2020-07-10
231,916,Mobile,836.81,7670,2023-04-12
232,637,Broadband.Streaming,200.7,8444,2022-10-12
233,109,Mobile,472.77,9639,2021-02-01
234,389,Mobile,816.62,1661,2023-07-26
235,26,Broadband.Streaming,19.32,5241,2022-03-14
236,90,Broadband.Streaming,198.28,8308,2021-12-16
237,28,Mobile,328.87,8285,2022-06-29
238,130,Mobile,492.75,7355,2021-01-30
239,84,Mobile,357.28,7968,2020-01-17
240,71,Broadband.Streaming,992.59,2631,2023-01-29
241,457,Mobile,40.73,8847,2023-04-04
242,468,Mobile,101.42,879,2021-11-04
243,96,Mobile,983.93,5783,2020-11-27
244,398,Broadband.Streaming,537.86,6457,2020-08-19
245,873,Mobile,590.84,490,2022-12-27
246,629,Mobile,576.87,2191,2022-06-26
247,712,Broadband.Streaming,152.34,3434,2021-04-02
248,500,Mobile,269.73,7351,2021-02-24
249,585,Mobile,626.1,8579,2020-05-02
250,902,Mobile,581.56,7839,2023-09-03
251,67,Broadband.Streaming,646.85,1841,2021-07-09
252,116,Broadband.Streaming,477.91,7622,2021-06-16
253,249,Mobile,531.32,6100,2020-11-11
254,582,Mobile,452.92,9639,2023-03-16
255,438,Mobile,181.54,5943,2023-03-28
256,289,Mobile,375.42,4146,2023-04-22
257,643,Broadband.Streaming,834.39,739,2022-03-21
258,181,Mobile,618.76,1361,2023-01-26
259,368,Mobile,31.28,439,2022-06-08
260,46,Broadband.Streaming,309.38,1958,2020-04-06
261,313,Mobile,672.43,7042,2021-03-03
262,700,Broadband.Streaming,528.02,4619,2023-03-24
263,736,Mobile,571.98,8012,2022-11-14
264,861,Broadband.Streaming,198.82,1771,2022-07-19
265,84,Mobile,615.79,5509,2023-12-24
266,62,Broadband.Streaming,345.55,7380,2021-10-13
267,874,Mobile,309.56,4218,2021-03-08
268,869,Broadband.Streaming,774.63,4592,2022-02-23
269,553,Mobile,239.49,457,2020-02-22
270,509,Broadband.Streaming,658.59,9094,2023-10-10
271,628,Mobile,413.45,2288,2020-11-03
272,316,Broadband.Streaming,389.04,9278,2020-01-23
273,169,Broadband.Streaming,278.06,7561,2021-11-24
274,773,Broadband.Streaming,493.24,9133,2022-04-16
275,659,Broadband.Streaming,885.75,8434,2020-05-18
276,890,Broadband.Streaming,862.42,5966,2021-07-16
277,466,Broadband.Streaming,480.67,6424,2022-04-29
278,105,Mobile,358.95,2348,2022-02-27
279,450,Broadband.Streaming,443.67,296,2020-09-10
280,546,Mobile,376.01,5931,2022-01-03
281,200,Mobile,527.02,6163,2022-11-06
282,356,Broadband.Streaming,68.27,8522,2023-04-03
283,207,Broadband.Streaming,194.15,9331,2022-08-15
284,104,Mobile,642.36,5749,2020-06-06
285,290,Broadband.Streaming,987.79,6841,2021-05-06
286,810,Mobile,590.09,8661,2021-03-17
287,262,Mobile,645.87,9819,2021-08-11
288,477,Broadband.Streaming,50.43,1976,2023-11-27
289,815,Broadband.Streaming,185.68,1173,2023-11-08
290,105,Broadband.Streaming,64.61,9624,2021-07-13
291,965,Mobile,63.59,5744,2020-06-03
292,585,Mobile,644.04,7747,2022-10-13
293,745,Broadband.Streaming,678.37,8983,2023-10-22
294,189,Broadband.Streaming,584.32,8744,2023-06-24
295,301,Mobile,313.85,2657,2022-10-31
296,716,Mobile,396.81,5554,2022-08-30
297,404,Mobile,709.59,2345,2021-06-17
298,341,Mobile,510.7,5235,2020-04-10
299,205,Mobile,519.58,9607,2022-04-18
300,648,Broadband.Streaming,972.02,873,2023-02-16
301,754,Mobile,556.17,9438,2023-11-03
302,968,Broadband.Streaming,681.62,7339,2023-09-30
303,553,Mobile,131.44,6953,2022-12-23
304,528,Mobile,921.37,9147,2021-06-29
305,75,Mobile,931.83,1871,2022-11-18
306,413,Broadband.Streaming,408.2,3926,2020-01-06
307,5,Broadband.Streaming,957.19,4737,2020-09-18
308,638,Mobile,632.79,5456,2021-08-02
309,741,Mobile,630.0,9273,2021-12-05
310,647,Broadband.Streaming,656.56,258,2022-09-21
311,489,Broadband.Streaming,346.62,5079,2021-05-29
312,162,Mobile,757.85,7117,2021-08-15
313,636,Broadband.Streaming,738.79,6817,2021-10-01
314,197,Mobile,547.25,954,2020-01-25
315,509,Mobile,426.63,4666,2022-08-29
316,864,Mobile,122.3,8378,2022-12-15
317,951,Broadband.Streaming,396.56,4398,2020-11-05
318,775,Broadband.Streaming,499.61,8853,2020-04-13
319,377,Broadband.Streaming,15.06,5190,2021-05-05
320,715,Mobile,815.59,1928,2023-05-30
321,937,Broadband.Streaming,169.21,2344,2022-04-29
322,316,Mobile,770.54,9590,2021-01-12
323,174,Broadband.Streaming,854.67,2071,2021-03-03
324,4,Mobile,381.03,3243,2022-04-10
325,212,Mobile,437.14,378,2023-03-20
326,344,Broadband.Streaming,99.74,9496,2022-04-12
327,27,Mobile,842.16,372,2021-01-09
328,827,Broadband.Streaming,245.97,4501,2022-03-13
329,239,Mobile,466.56,1742,2022-10-14
330,660,Broadband.Streaming,692.61,2017,2021-12-30
331,175,Broadband.Streaming,184.99,7281,2020-09-10
332,99,Broadband.Streaming,499.42,1401,2021-02-13
333,840,Broadband.Streaming,566.01,2083,2023-09-04
334,973,Mobile,638.03,3085,2023-07-26
335,128,Broadband.Streaming,460.42,5470,2020-05-02
336,187,Mobile,337.95,4807,2020-02-17
337,874,Mobile,483.28,4575,2020-05-31
338,368,Broadband.Streaming,67.07,8295,2021-10-20
339,1,Broadband.Streaming,647.61,5076,2023-03-26
340,173,Broadband.Streaming,127.17,9095,2021-03-12
341,612,Broadband.Streaming,295.5,2198,2020-05-26
342,988,Broadband.Streaming,354.27,719,2022-02-04
343,153,Mobile,125.83,4005,2023-02-26
344,79,Broadband.Streaming,920.84,1736,2022-08-11
345,209,Mobile,39.53,6042,2022-09-14
346,282,Broadband.Streaming,603.74,602,2022-05-26
347,210,Broadband.Streaming,414.63,50,2020-12-02
348,889,Mobile,561.04,453,2022-02-14
349,517,Broadband.Streaming,777.88,2339,2021-01-22
350,750,Mobile,612.05,2513,2022-04-07
351,711,Broadband.Streaming,398.27,401,2022-05-05
352,78,Broadband.Streaming,900.02,4256,2021-03-24
353,752,Broadband.Streaming,23.32,4948,2021-01-20
354,884,Broadband.Streaming,95.8,6564,2023-02-27
355,720,Mobile,159.82,8344,2023-06-09
356,369,Mobile,581.47,4102,2022-07-08
357,448,Mobile,763.67,2248,2020-11-28
358,968,Mobile,674.87,5429,2020-03-12
359,290,Mobile,38.78,2157,2022-06-27
360,60,Broadband.Streaming,929.04,250,2022-01-26
361,107,Broadband.Streaming,268.63,2478,2022-02-03
362,347,Broadband.Streaming,382.45,9213,2020-02-14
363,597,Mobile,193.32,5795,2023-11-16
364,63,Broadband.Streaming,425.73,2694,2021-04-29
365,13,Broadband.Streaming,822.19,5281,2020-11-08
366,209,Mobile,583.75,2710,2020-02-08
367,98,Mobile,972.25,7532,2020-04-01
368,388,Broadband.Streaming,869.34,3677,2020-04-17
369,985,Broadband.Streaming,171.92,8589,2021-11-03
370,544,Broadband.Streaming,390.45,2824,2022-04-01
371,550,Mobile,25.54,8703,2020-06-19
372,637,Mobile,2.68,1975,2023-10-22
373,558,Mobile,936.58,3742,2023-03-07
374,950,Broadband.Streaming,980.86,8965,2023-05-28
375,604,Mobile,629.07,1160,2022-12-29
376,139,Broadband.Streaming,609.39,467,2021-10-02
377,774,Mobile,881.16,4408,2021-09-13
378,625,Mobile,923.78,1627,2023-05-27
379,870,Broadband.Streaming,842.68,4564,2021-02-14
380,547,Broadband.Streaming,81.24,4767,2021-05-11
381,438,Broadband.Streaming,839.95,880,2020-06-10
382,658,Broadband.Streaming,212.08,2324,2022-01-11
383,310,Broadband.Streaming,946.48,9897,2023-03-27
384,969,Broadband.Streaming,378.83,9987,2022-08-16
385,422,Broadband.Streaming,64.54,1750,2021-06-03
386,211,Mobile,224.98,9594,2021-04-17
387,902,Broadband.Streaming,969.14,158,2021-09-17
388,98,Mobile,78.25,5559,2022-12-01
389,100,Broadband.Streaming,719.65,8460,2022-07-06
390,155,Mobile,815.8,5004,2023-07-30
391,611,Broadband.Streaming,780.07,4118,2023-08-11
392,933,Broadband.Streaming,889.55,1008,2020-10-20
393,482,Mobile,946.9,3708,2022-11-17
394,558,Mobile,246.2,7439,2021-01-31
395,294,Mobile,435.22,6116,2023-10-21
396,674,Mobile,177.64,456,2022-12-12
397,71,Mobile,165.26,7429,2023-11-27
398,221,Mobile,667.65,2125,2020-10-15
399,262,Broadband.Streaming,88.53,5801,2021-12-24
400,529,Mobile,732.27,4438,2022-05-09
401,25,Broadband.Streaming,728.68,4496,2020-04-26
402,111,Broadband.Streaming,448.1,7864,2020-10-27
403,393,Broadband.Streaming,598.9,4796,2020-07-19
404,728,Mobile,798.25,8747,2021-03-21
405,524,Broadband.Streaming,599.25,739,2020-09-26
406,509,Broadband.Streaming,849.38,1550,2023-11-12
407,861,Broadband.Streaming,927.96,9769,2022-12-25
408,797,Mobile,971.25,7044,2022-04-21
409,782,Mobile,986.58,7001,2020-10-20
410,157,Mobile,673.7,1295,2020-06-16
411,329,Mobile,695.31,974,2021-03-30
412,104,Broadband.Streaming,801.98,7239,2020-02-20
413,459,Broadband.Streaming,713.82,1321,2021-09-03
414,607,Broadband.Streaming,202.1,7007,2021-10-07
415,43,Broadband.Streaming,565.72,3104,2022-03-25
416,310,Mobile,775.08,5172,2023-02-05
417,646,Mobile,356.15,4796,2022-11-13
418,165,Mobile,965.81,6734,2020-05-26
419,798,Mobile,679.37,7441,2021-01-07
420,445,Broadband.Streaming,425.33,4526,2023-06-09
421,850,Mobile,937.78,3272,2021-11-02
422,677,Mobile,844.65,4115,2021-08-24
423,581,Mobile,830.14,3102,2023-12-25
424,671,Broadband.Streaming,961.31,1386,2020-06-18
425,894,Broadband.Streaming,814.38,9609,2023-06-01
426,792,Mobile,206.34,3705,2023-02-27
427,146,Broadband.Streaming,825.69,7865,2021-09-08
428,725,Broadband.Streaming,512.5,8141,2021-07-15
429,965,Mobile,311.33,9532,2022-06-22
430,532,Mobile,950.22,8420,2020-05-24
431,176,Mobile,498.42,9150,2023-03-09
432,719,Mobile,128.03,5176,2022-05-13
433,696,Broadband.Streaming,351.73,8366,2020-08-20
434,239,Broadband.Streaming,77.54,5966,2021-09-27
435,716,Mobile,618.65,805,2022-07-04
436,902,Mobile,727.09,1131,2022-03-26
437,180,Broadband.Streaming,948.06,114,2023-08-08
438,372,Mobile,398.93,4361,2021-03-13
439,864,Broadband.Streaming,673.23,5534,2022-08-30
440,773,Broadband.Streaming,83.26,940,2023-03-23
441,248,Mobile,712.32,8159,2023-10-28
442,682,Mobile,890.49,346,2023-03-13
443,94,Broadband.Streaming,9.49,121,2022-01-05
444,709,Mobile,610.74,9427,2023-05-31
445,883,Broadband.Streaming,218.58,6993,2022-02-17
446,214,Broadband.Streaming,53.74,3567,2023-08-06
447,284,Mobile,780.84,7928,2022-01-21
448,126,Mobile,502.85,258,2021-01-25
449,121,Mobile,692.47,6965,2020-02-15
450,45,Mobile,938.4,1491,2021-01-09
451,36,Mobile,649.11,7086,2020-12-22
452,829,Mobile,198.77,6658,2022-05-28
453,239,Mobile,729.24,7030,2021-05-17
454,866,Broadband.Streaming,892.43,8869,2023-12-06
455,848,Mobile,40.4,3429,2021-10-04
456,287,Broadband.Streaming,611.99,5354,2022-05-27
457,932,Broadband.Streaming,624.82,483,2022-11-27
458,886,Mobile,752.14,7044,2023-12-15
459,701,Broadband.Streaming,400.11,9023,2021-02-14
460,270,Mobile,591.73,4502,2023-02-06
461,322,Mobile,466.42,3269,2021-11-09
462,174,Mobile,303.38,4173,2022-02-11
463,431,Broadband.Streaming,601.54,1859,2021-08-25
464,111,Mobile,37.91,4765,2020-09-04
465,858,Broadband.Streaming,87.38,3229,2021-07-16
466,970,Mobile,356.55,611,2022-09-29
467,913,Broadband.Streaming,212.34,9331,2022-10-07
468,967,Broadband.Streaming,675.57,4343,2020-04-01
469,366,Mobile,173.92,802,2020-06-28
470,695,Mobile,977.12,2365,2023-01-14
471,440,Broadband.Streaming,446.98,4148,2023-04-07
472,499,Mobile,52.41,6677,2022-05-18
473,876,Broadband.Streaming,971.96,2377,2023-03-05
474,108,Mobile,160.3,2974,2022-04-03
475,237,Mobile,695.4,1159,2020-03-25
476,777,Mobile,52.83,9840,2020-07-02
477,71,Broadband.Streaming,891.88,334,2020-03-14
478,873,Mobile,139.9,2564,2022-11-21
479,146,Mobile,357.24,8599,2022-09-11
480,115,Mobile,694.27,9769,2022-09-13
481,960,Broadband.Streaming,656.41,5621,2021-03-12
482,74,Mobile,661.3,3277,2022-03-21
483,927,Broadband.Streaming,898.54,601,2020-05-09
484,76,Broadband.Streaming,944.69,2655,2022-01-31
485,819,Mobile,307.76,5731,2020-02-14
486,207,Mobile,811.19,1746,2021-06-13
487,246,Broadband.Streaming,249.97,9614,2021-06-14
488,20,Broadband.Streaming,544.75,5316,2022-02-09
489,667,Broadband.Streaming,946.36,7255,2020-10-22
490,15,Mobile,884.16,5009,2022-10-18
491,439,Mobile,864.59,6616,2020-11-22
492,810,Broadband.Streaming,428.35,418,2023-06-24
493,28,Broadband.Streaming,721.37,8765,2021-03-03
494,213,Broadband.Streaming,707.78,7093,2021-11-29
495,129,Mobile,524.43,774,2023-07-05
496,899,Mobile,540.52,2471,2020-06-03
497,123,Broadband.Streaming,911.87,995,2021-04-15
498,211,Broadband.Streaming,438.66,222,2023-10-01
499,430,Mobile,365.83,3518,2023-10-03
500,871,Broadband.Streaming,933.68,5088,2021-05-07
501,814,Broadband.Streaming,423.86,1711,2020-05-24
502,22,Broadband.Streaming,625.13,7429,2020-08-22
503,925,Mobile,2.76,4363,2020-06-03
504,905,Mobile,572.76,7369,2021-08-23
505,615,Mobile,708.27,3314,2022-11-15
506,689,Broadband.Streaming,613.89,6664,2023-03-30
507,988,Broadband.Streaming,366.57,4105,2020-09-29
508,265,Mobile,248.12,1754,2022-06-21
509,201,Broadband.Streaming,519.71,8369,2022-12-09
510,893,Mobile,206.75,4114,2021-02-04
511,801,Mobile,971.52,3335,2020-03-21
512,787,Mobile,558.57,8297,2022-06-19
513,256,Broadband.Streaming,22.34,9346,2020-08-20
514,211,Mobile,82.31,1832,2020-11-10
515,496,Broadband.Streaming,136.6,9945,2021-07-28
516,227,Broadband.Streaming,114.6,840,2020-01-31
517,405,Broadband.Streaming,932.31,6855,2023-08-12
518,234,Broadband.Streaming,34.77,611,2022-03-20
519,207,Mobile,977.06,9368,2020-07-16
520,131,Broadband.Streaming,603.1,8975,2021-08-05
521,218,Broadband.Streaming,937.69,9570,2022-04-13
522,454,Broadband.Streaming,895.66,8146,2022-01-24
523,417,Mobile,279.3,2633,2022-01-24
524,549,Mobile,869.85,1198,2023-06-10
525,672,Mobile,650.75,6001,2020-11-29
526,506,Mobile,832.99,4000,2023-11-11
527,680,Mobile,862.41,2866,2020-09-06
528,23,Mobile,302.7,5059,2022-10-24
529,953,Mobile,609.86,2309,2023-01-23
530,290,Broadband.Streaming,692.69,4714,2023-10-17
531,921,Broadband.Streaming,981.04,9654,2020-04-20
532,842,Broadband.Streaming,450.88,6769,2023-02-10
533,750,Broadband.Streaming,295.23,6272,2023-03-02
534,1000,Broadband.Streaming,539.89,1327,2021-08-19
535,380,Mobile,766.24,6428,2020-01-03
536,338,Mobile,412.76,7906,2022-05-05
537,420,Broadband.Streaming,270.19,3436,2020-02-15
538,963,Broadband.Streaming,945.31,4413,2021-02-05
539,617,Mobile,674.54,1793,2023-01-16
540,341,Mobile,265.1,7878,2023-11-10
541,520,Broadband.Streaming,638.28,177,2022-09-01
542,743,Mobile,837.01,4660,2022-05-09
543,964,Mobile,969.9,5235,2022-10-10
544,224,Broadband.Streaming,914.93,7707,2020-05-25
545,993,Mobile,170.04,2494,2022-09-06
546,347,Mobile,12.61,748,2023-10-12
547,21,Mobile,769.87,7008,2021-01-31
548,693,Mobile,853.54,5448,2020-07-07
549,798,Broadband.Streaming,142.72,9198,2022-03-24
550,612,Broadband.Streaming,583.45,7473,2021-06-04
551,237,Mobile,252.16,7978,2021-02-17
552,505,Broadband.Streaming,923.49,4127,2020-02-13
553,840,Broadband.Streaming,497.7,2049,2020-07-19
554,641,Broadband.Streaming,275.38,736,2022-09-16
555,767,Broadband.Streaming,265.45,393,2021-06-18
556,544,Mobile,225.77,3122,2023-07-21
557,706,Broadband.Streaming,940.06,9782,2020-08-19
558,361,Broadband.Streaming,525.18,216,2020-05-05
559,223,Broadband.Streaming,221.72,8543,2021-06-24
560,772,Broadband.Streaming,643.64,5862,2022-04-16
561,777,Mobile,298.42,7535,2023-04-20
562,912,Mobile,916.63,6528,2023-02-23
563,266,Broadband.Streaming,120.2,2304,2022-07-23
564,162,Mobile,129.39,6474,2021-06-17
565,739,Broadband.Streaming,666.14,2457,2023-10-20
566,60,Broadband.Streaming,364.21,4971,2022-03-21
567,429,Broadband.Streaming,720.06,9637,2022-12-03
568,462,Broadband.Streaming,848.6,151,2023-07-31
569,171,Broadband.Streaming,633.2,893,2021-09-23
570,237,Broadband.Streaming,755.5,6577,2022-01-02
571,603,Mobile,823.14,5245,2021-09-07
572,231,Broadband.Streaming,998.62,7578,2023-11-25
573,983,Broadband.Streaming,568.61,8407,2021-11-12
574,211,Broadband.Streaming,443.18,169,2023-01-14
575,432,Mobile,541.09,2110,2021-07-13
576,805,Broadband.Streaming,138.64,1617,2022-06-25
577,129,Mobile,591.63,6507,2022-02-07
578,879,Mobile,8.35,6597,2021-10-24
579,616,Broadband.Streaming,528.54,4837,2020-03-01
580,858,Mobile,387.67,8973,2021-02-18
581,452,Mobile,103.04,8955,2021-11-26
582,814,Mobile,506.01,5422,2023-12-01
583,210,Mobile,525.17,5488,2020-05-05
584,307,Broadband.Streaming,523.04,3039,2021-10-16
585,622,Broadband.Streaming,992.58,8151,2022-03-05
586,600,Mobile,692.62,7649,2022-09-10
587,182,Broadband.Streaming,98.36,4296,2023-04-22
588,638,Broadband.Streaming,619.87,3807,2020-03-07
589,855,Broadband.Streaming,877.85,9438,2022-06-14
590,780,Broadband.Streaming,598.19,1056,2023-07-16
591,718,Mobile,987.84,7167,2020-01-04
592,353,Mobile,545.24,8994,2020-08-13
593,908,Broadband.Streaming,926.8,6599,2023-11-14
594,41,Broadband.Streaming,922.81,5420,2020-12-10
595,110,Mobile,40.27,222,2022-08-27
596,635,Broadband.Streaming,977.72,8090,2023-01-21
597,627,Mobile,985.14,9102,2020-02-24
598,449,Mobile,66.17,2881,2021-06-21
599,348,Mobile,627.09,856,2020-11-27
600,573,Broadband.Streaming,958.18,9671,2021-01-22
601,499,Mobile,914.98,2113,2022-08-30
602,252,Mobile,89.82,6237,2020-12-06
603,982,Broadband.Streaming,480.38,8703,2020-06-24
604,426,Mobile,163.98,260,2020-05-04
605,936,Mobile,865.25,7104,2023-06-29
606,99,Broadband.Streaming,727.32,8569,2021-09-30
607,551,Broadband.Streaming,978.43,4432,2022-07-26
608,77,Broadband.Streaming,115.89,1276,2022-06-03
609,235,Broadband.Streaming,79.51,9416,2021-10-19
610,489,Broadband.Streaming,250.59,499,2021-03-04
611,537,Mobile,43.53,5878,2020-05-01
612,877,Mobile,208.35,367,2023-05-28
613,250,Mobile,202.4,1840,2020-04-06
614,818,Mobile,639.27,9044,2021-01-11
615,958,Broadband.Streaming,688.2,9082,2023-07-12
616,124,Mobile,269.63,8367,2021-05-29
617,300,Broadband.Streaming,985.07,4287,2022-12-27
618,698,Broadband.Streaming,798.89,7472,2020-04-25
619,916,Broadband.Streaming,227.64,9895,2022-04-18
620,37,Mobile,96.63,8866,2020-10-31
621,638,Broadband.Streaming,638.32,7242,2021-09-03
622,820,Mobile,241.1,8505,2020-02-24
623,480,Broadband.Streaming,917.29,7124,2022-09-11
624,122,Mobile,610.42,902,2022-09-08
625,718,Broadband.Streaming,722.13,7635,2022-03-16
626,809,Mobile,432.25,7437,2022-10-05
627,108,Broadband.Streaming,912.93,3391,2022-12-27
628,750,Mobile,697.44,9353,2021-04-05
629,662,Mobile,204.99,7459,2022-03-02
630,571,Mobile,375.61,4381,2021-07-01
631,295,Broadband.Streaming,293.26,1241,2022-05-11
632,544,Broadband.Streaming,763.37,1425,2020-01-23
633,293,Mobile,323.18,7929,2021-12-08
634,358,Broadband.Streaming,866.22,2696,2021-11-19
635,906,Mobile,72.92,9111,2020-04-24
636,468,Mobile,767.33,5920,2022-07-24
637,912,Broadband.Streaming,545.58,2070,2023-09-01
638,867,Broadband.Streaming,754.72,4147,2022-09-16
639,50,Mobile,938.28,7415,2023-06-28
640,302,Broadband.Streaming,606.9,7158,2020-03-11
641,373,Mobile,281.18,9482,2022-10-17
642,826,Mobile,677.55,1209,2021-07-27
643,713,Broadband.Streaming,773.21,4898,2021-07-04
644,330,Mobile,229.28,6101,2021-08-05
645,420,Broadband.Streaming,47.51,7324,2022-08-24
646,846,Mobile,204.23,6507,2021-02-04
647,81,Broadband.Streaming,510.73,7360,2020-07-07
648,657,Broadband.Streaming,383.32,2601,2023-07-31
649,124,Broadband.Streaming,241.29,1222,2022-01-02
650,197,Broadband.Streaming,222.97,5981,2020-12-19
651,193,Broadband.Streaming,864.36,8248,2022-12-27
652,287,Broadband.Streaming,592.06,9107,2020-05-28
653,234,Broadband.Streaming,691.79,4603,2022-11-22
654,165,Broadband.Streaming,287.37,8843,2020-02-22
655,296,Mobile,326.54,3492,2022-10-21
656,824,Mobile,464.03,2727,2023-12-09
657,233,Broadband.Streaming,336.7,5612,2020-02-18
658,926,Mobile,236.61,3805,2021-02-04
659,985,Mobile,606.82,1728,2023-08-18
660,689,Mobile,650.87,4602,2021-01-06
661,366,Mobile,548.29,280,2021-09-28
662,64,Broadband.Streaming,954.11,7618,2023-08-17
663,644,Broadband.Streaming,695.6,7937,2022-02-01
664,289,Mobile,539.06,7248,2023-02-14
665,182,Broadband.Streaming,148.73,5653,2020-11-09
666,332,Broadband.Streaming,806.52,4205,2022-10-16
667,780,Mobile,333.28,3417,2023-08-04
668,643,Mobile,260.35,5303,2020-10-03
669,344,Mobile,231.87,6125,2022-08-29
670,430,Broadband.Streaming,595.47,2959,2020-04-08
671,722,Mobile,544.5,8384,2022-06-12
672,622,Broadband.Streaming,2.28,4128,2022-11-10
673,444,Broadband.Streaming,279.85,3357,2023-07-24
674,367,Broadband.Streaming,79.69,5779,2020-12-01
675,854,Broadband.Streaming,461.87,3917,2021-02-18
676,719,Broadband.Streaming,490.44,1415,2023-11-15
677,216,Mobile,132.52,1164,2020-01-06
678,717,Broadband.Streaming,334.54,2679,2021-02-21
679,280,Mobile,800.8,6404,2021-09-03
680,365,Broadband.Streaming,765.38,4263,2020-10-03
681,83,Mobile,600.69,6234,2023-06-11
682,128,Broadband.Streaming,978.82,7151,2022-08-17
683,63,Mobile,915.27,1908,2022-01-18
684,894,Broadband.Streaming,17.76,7556,2023-01-30
685,440,Mobile,966.83,8518,2022-07-03
686,301,Mobile,563.1,9434,2021-03-18
687,660,Mobile,705.61,6327,2020-08-08
688,387,Broadband.Streaming,269.26,9651,2022-11-13
689,388,Mobile,313.22,2575,2021-01-06
690,184,Mobile,335.66,1197,2023-02-28
691,918,Mobile,265.04,8296,2022-04-10
692,50,Mobile,915.03,5339,2021-03-19
693,995,Mobile,797.95,8277,2020-02-28
694,735,Broadband.Streaming,93.71,3999,2020-02-16
695,780,Mobile,821.59,4813,2021-07-25
696,953,Broadband.Streaming,213.84,8075,2023-02-10
697,169,Mobile,149.04,7202,2022-03-18
698,143,Mobile,519.92,8288,2022-12-17
699,333,Mobile,516.88,4110,2020-02-02
700,59,Broadband.Streaming,417.1,1392,2023-01-09
701,429,Mobile,189.14,6975,2021-11-09
702,464,Broadband.Streaming,801.98,4877,2023-06-29
703,251,Mobile,998.08,9419,2020-04-19
704,710,Mobile,149.02,8402,2021-01-12
705,891,Mobile,732.63,3763,2022-05-29
706,688,Mobile,93.66,1761,2023-02-17
707,888,Mobile,912.18,9521,2021-11-12
708,782,Broadband.Streaming,982.4,3579,2020-11-27
709,413,Mobile,566.34,5087,2022-11-19
710,943,Broadband.Streaming,211.53,9477,2023-07-26
711,363,Broadband.Streaming,317.44,8364,2023-11-25
712,300,Broadband.Streaming,286.21,9594,2022-09-04
713,435,Broadband.Streaming,916.98,1781,2020-06-17
714,541,Mobile,29.29,4166,2022-06-13
715,638,Broadband.Streaming,379.15,1904,2020-11-04
716,690,Broadband.Streaming,707.4,8158,2022-06-02
717,545,Mobile,582.09,9153,2022-05-31
718,667,Broadband.Streaming,755.96,298,2021-04-13
719,681,Broadband.Streaming,698.47,7911,2020-06-02
720,303,Broadband.Streaming,582.1,1833,2021-12-06
721,137,Mobile,201.97,2687,2023-06-28
722,894,Broadband.Streaming,185.45,4169,2023-01-11
723,5,Broadband.Streaming,913.03,1656,2020-10-22
724,825,Broadband.Streaming,22.58,9451,2023-06-14
725,79,Broadband.Streaming,953.11,9596,2021-07-22
726,355,Broadband.Streaming,501.16,3699,2021-05-03
727,938,Mobile,705.27,6688,2021-02-19
728,386,Mobile,511.64,2194,2023-06-26
729,119,Mobile,47.79,1387,2021-02-08
730,967,Broadband.Streaming,453.54,6700,2020-01-05
731,461,Broadband.Streaming,28.33,8236,2023-01-22
732,133,Mobile,324.53,3037,2021-01-17
733,215,Mobile,49.07,7913,2020-10-06
734,344,Broadband.Streaming,163.63,9761,2022-05-14
735,264,Mobile,796.84,7950,2020-04-30
736,496,Mobile,799.04,1992,2021-09-03
737,709,Broadband.Streaming,679.11,9765,2021-12-17
738,592,Broadband.Streaming,78.1,2170,2021-05-23
739,285,Mobile,361.31,2868,2023-03-07
740,528,Broadband.Streaming,39.85,5142,2022-11-20
741,779,Broadband.Streaming,360.33,3062,2022-01-03
742,126,Mobile,6.86,3849,2020-01-13
743,385,Mobile,627.91,3388,2020-04-12
744,308,Mobile,25.39,4772,2021-04-05
745,464,Mobile,233.12,9357,2021-07-24
746,742,Mobile,783.68,1461,2021-05-04
747,281,Broadband.Streaming,678.68,4776,2022-11-26
748,925,Broadband.Streaming,673.53,8814,2020-11-25
749,819,Broadband.Streaming,26.65,4427,2021-11-25
750,891,Mobile,601.81,6151,2022-06-06
751,201,Mobile,571.54,317,2020-05-10
752,431,Mobile,680.86,5625,2021-05-31
753,701,Mobile,168.91,8173,2020-05-24
754,38,Mobile,907.11,2168,2023-09-15
755,989,Broadband.Streaming,628.2,1312,2021-07-11
756,493,Broadband.Streaming,523.96,4846,2020-05-18
757,976,Mobile,27.4,7637,2022-10-27
758,95,Broadband.Streaming,624.29,8410,2021-02-08
759,586,Mobile,434.91,9085,2020-03-23
760,639,Broadband.Streaming,369.1,7098,2021-08-27
761,140,Mobile,100.11,8801,2021-11-12
762,243,Broadband.Streaming,850.37,7515,2023-02-10
763,352,Mobile,502.21,2702,2020-08-20
764,284,Broadband.Streaming,267.29,5383,2022-11-13
765,744,Broadband.Streaming,511.32,2248,2023-01-01
766,738,Mobile,991.06,8004,2021-02-12
767,807,Broadband.Streaming,896.59,3517,2021-01-05
768,336,Mobile,348.98,3322,2022-12-17
769,642,Mobile,442.74,1308,2022-04-13
770,544,Broadband.Streaming,955.51,5278,2020-08-05
771,891,Broadband.Streaming,405.14,9724,2022-11-01
772,742,Broadband.Streaming,586.17,3665,2020-07-25
773,781,Mobile,598.47,6946,2023-09-10
774,308,Broadband.Streaming,55.97,9151,2021-02-03
775,832,Broadband.Streaming,297.51,9261,2022-09-07
776,123,Broadband.Streaming,210.31,950,2020-10-21
777,609,Mobile,45.15,543,2022-09-05
778,480,Mobile,850.44,6841,2023-06-02
779,851,Broadband.Streaming,275.66,4658,2020-04-29
780,408,Broadband.Streaming,888.72,8713,2021-08-26
781,898,Broadband.Streaming,47.58,669,2022-10-09
782,71,Broadband.Streaming,988.33,2739,2023-10-13
783,229,Mobile,914.29,6131,2020-01-20
784,920,Broadband.Streaming,790.3,3091,2020-07-23
785,567,Broadband.Streaming,762.91,9365,2021-07-18
786,251,Broadband.Streaming,449.29,315,2021-10-31
787,880,Broadband.Streaming,238.2,2274,2021-08-03
788,237,Broadband.Streaming,724.14,4724,2023-12-19
789,763,Mobile,286.09,7108,2021-11-23
790,478,Mobile,28.76,2384,2020-01-05
791,63,Broadband.Streaming,498.32,534,2023-06-08
792,795,Mobile,546.41,3455,2021-09-13
793,506,Broadband.Streaming,844.78,5551,2022-09-21
794,421,Mobile,497.46,7508,2021-03-21
795,493,Broadband.Streaming,768.32,8531,2022-07-30
796,21,Broadband.Streaming,149.32,4799,2021-05-03
797,136,Mobile,129.72,9732,2022-05-13
798,7,Broadband.Streaming,140.59,1608,2023-09-20
799,124,Mobile,158.62,6281,2023-04-22
800,778,Mobile,210.14,3889,2023-06-27
801,164,Mobile,546.92,3250,2023-08-01
802,89,Mobile,894.06,8018,2022-12-06
803,477,Mobile,490.98,5229,2023-09-07
804,147,Broadband.Streaming,880.42,463,2022-07-13
805,2,Broadband.Streaming,317.97,8249,2020-04-11
806,458,Mobile,723.71,9786,2020-10-16
807,729,Broadband.Streaming,150.04,2784,2020-11-24
808,809,Mobile,759.1,2438,2023-07-24
809,47,Broadband.Streaming,16.14,5068,2021-03-21
810,905,Broadband.Streaming,453.17,7258,2021-11-27
811,381,Broadband.Streaming,774.57,1014,2020-12-05
812,277,Broadband.Streaming,310.46,4771,2022-09-24
813,370,Mobile,618.92,2156,2021-12-28
814,324,Broadband.Streaming,255.46,6614,2020-04-24
815,322,Mobile,891.6,2879,2022-05-06
816,49,Broadband.Streaming,167.96,5076,2021-07-13
817,937,Broadband.Streaming,173.06,8594,2021-03-04
818,643,Mobile,87.67,8500,2020-06-16
819,177,Mobile,792.22,4571,2022-03-16
820,952,Broadband.Streaming,507.35,2567,2020-08-02
821,401,Broadband.Streaming,637.14,7119,2020-12-20
822,51,Mobile,380.36,2106,2020-07-03
823,792,Mobile,232.03,1562,2020-05-05
824,914,Mobile,594.61,1293,2021-02-11
825,471,Broadband.Streaming,157.75,8754,2023-09-09
826,76,Mobile,498.29,7123,2020-11-23
827,801,Broadband.Streaming,117.87,899,2020-10-15
828,811,Mobile,794.47,4244,2023-05-10
829,897,Mobile,366.16,4389,2023-06-17
830,778,Mobile,665.18,4004,2021-06-07
831,884,Mobile,992.03,4410,2021-11-23
832,938,Broadband.Streaming,817.32,8903,2020-03-15
833,223,Mobile,139.58,3439,2021-04-07
834,970,Broadband.Streaming,571.08,445,2022-05-13
835,418,Mobile,653.19,1626,2021-07-28
836,999,Broadband.Streaming,498.01,5320,2023-11-29
837,887,Mobile,204.26,8847,2022-07-22
838,188,Broadband.Streaming,313.46,1301,2021-03-16
839,71,Broadband.Streaming,977.18,8844,2020-02-11
840,600,Mobile,130.92,3187,2023-04-07
841,844,Broadband.Streaming,256.32,1108,2023-04-01
842,334,Mobile,509.61,7041,2021-06-30
843,195,Broadband.Streaming,83.54,3723,2020-02-22
844,597,Broadband.Streaming,529.99,9311,2020-12-18
845,571,Broadband.Streaming,932.63,857,2022-09-14
846,102,Broadband.Streaming,459.89,9245,2020-05-17
847,726,Mobile,261.81,5040,2022-08-09
848,213,Mobile,560.42,3737,2022-07-15
849,397,Broadband.Streaming,240.84,7894,2023-01-10
850,598,Mobile,137.17,8446,2022-11-24
851,936,Broadband.Streaming,503.07,733,2022-02-24
852,722,Mobile,475.89,9436,2023-02-01
853,148,Broadband.Streaming,280.91,2913,2021-08-09
854,298,Broadband.Streaming,289.37,6765,2022-11-20
855,211,Broadband.Streaming,613.35,4894,2022-05-13
856,437,Mobile,801.75,287,2022-07-06
857,810,Broadband.Streaming,379.58,7747,2021-06-11
858,977,Broadband.Streaming,165.35,1486,2021-02-25
859,255,Broadband.Streaming,102.1,6726,2022-05-18
860,200,Mobile,463.46,4573,2022-01-09
861,554,Mobile,552.65,7087,2020-01-14
862,400,Broadband.Streaming,811.13,1444,2022-04-10
863,469,Mobile,389.52,7889,2020-10-19
864,628,Broadband.Streaming,993.95,207,2022-11-24
865,790,Broadband.Streaming,538.34,7782,2023-11-15
866,847,Mobile,527.54,4489,2023-08-19
867,879,Broadband.Streaming,918.83,4112,2020-05-11
868,891,Broadband.Streaming,780.88,8182,2022-11-09
869,606,Mobile,782.61,4837,2020-01-12
870,468,Broadband.Streaming,870.45,6942,2022-02-15
871,209,Mobile,910.63,5159,2022-02-17
872,762,Mobile,319.08,4138,2022-03-25
873,196,Mobile,919.41,7429,2021-04-22
874,550,Broadband.Streaming,443.74,8802,2021-04-03
875,126,Broadband.Streaming,700.08,6589,2021-08-06
876,574,Broadband.Streaming,649.02,6241,2023-09-12
877,395,Mobile,244.14,679,2021-11-08
878,230,Broadband.Streaming,485.9,8223,2020-10-11
879,529,Broadband.Streaming,318.64,9217,2022-10-15
880,549,Mobile,427.8,7683,2021-07-21
881,69,Mobile,686.99,37,2020-08-14
882,11,Broadband.Streaming,432.11,362,2023-09-28
883,768,Mobile,606.93,2686,2023-06-29
884,334,Broadband.Streaming,180.77,6426,2020-09-27
885,697,Broadband.Streaming,859.58,55,2022-10-07
886,187,Broadband.Streaming,801.31,4484,2023-09-08
887,113,Mobile,282.99,7319,2020-05-28
888,135,Broadband.Streaming,819.49,5926,2021-05-13
889,983,Broadband.Streaming,250.38,8916,2023-08-29
890,578,Broadband.Streaming,145.0,8755,2022-09-19
891,592,Broadband.Streaming,694.18,138,2023-01-01
892,554,Broadband.Streaming,723.02,8286,2023-10-08
893,348,Broadband.Streaming,819.1,6843,2020-04-21
894,891,Broadband.Streaming,145.11,6031,2020-10-01
895,72,Broadband.Streaming,331.92,7650,2021-10-22
896,175,Mobile,871.25,5904,2021-01-18
897,311,Broadband.Streaming,4.98,7359,2023-04-25
898,214,Broadband.Streaming,415.47,1540,2020-08-28
899,459,Mobile,827.48,4934,2020-07-17
900,131,Broadband.Streaming,409.35,7318,2020-11-24
901,731,Broadband.Streaming,39.82,1772,2020-04-17
902,478,Broadband.Streaming,830.05,4561,2020-08-13
903,472,Mobile,273.36,2103,2021-08-10
904,515,Mobile,629.38,9286,2021-11-20
905,735,Broadband.Streaming,143.65,2189,2022-06-06
906,656,Broadband.Streaming,612.91,6622,2023-01-05
907,975,Mobile,793.83,6605,2023-09-25
908,284,Mobile,698.06,8996,2020-07-22
909,832,Broadband.Streaming,773.99,1340,2023-03-18
910,79,Mobile,761.72,6094,2023-01-12
911,763,Broadband.Streaming,638.75,3638,2022-12-06
912,526,Broadband.Streaming,590.36,5731,2022-07-07
913,94,Broadband.Streaming,419.95,434,2021-11-14
914,565,Broadband.Streaming,925.01,4273,2021-10-07
915,372,Mobile,180.82,5959,2021-09-01
916,344,Broadband.Streaming,987.07,5256,2020-08-25
917,181,Broadband.Streaming,778.69,1382,2020-10-11
918,838,Broadband.Streaming,984.5,3819,2021-09-29
919,711,Mobile,125.94,2640,2021-08-18
920,548,Broadband.Streaming,594.75,2687,2020-03-12
921,881,Mobile,31.11,1850,2021-06-28
922,492,Broadband.Streaming,672.89,607,2023-01-21
923,675,Mobile,820.41,8209,2020-03-23
924,847,Broadband.Streaming,361.01,6880,2022-05-31
925,310,Broadband.Streaming,702.63,405,2022-01-03
926,381,Broadband.Streaming,166.33,3385,2023-10-24
927,345,Broadband.Streaming,343.33,8055,2022-08-20
928,561,Broadband.Streaming,477.33,4851,2023-07-31
929,888,Mobile,264.88,1123,2021-09-29
930,918,Mobile,187.31,3,2021-02-09
931,971,Mobile,884.17,9423,2021-08-30
932,128,Mobile,759.0,5264,2023-05-05
933,695,Mobile,589.63,226,2020-02-26
934,271,Broadband.Streaming,635.55,9799,2023-10-31
935,788,Mobile,2.61,2778,2020-05-30
936,887,Mobile,659.92,7208,2020-07-04
937,222,Broadband.Streaming,465.47,1875,2021-08-13
938,126,Mobile,964.91,447,2020-04-12
939,805,Broadband.Streaming,39.64,269,2023-03-25
940,102,Mobile,800.2,6807,2023-09-21
941,75,Mobile,348.49,5222,2021-07-14
942,632,Mobile,109.57,3677,2020-04-20
943,885,Mobile,331.82,9021,2020-04-28
944,330,Mobile,943.95,2200,2021-08-21
945,224,Mobile,22.03,7252,2021-04-26
946,110,Mobile,156.93,5227,2022-08-28
947,128,Mobile,390.99,4139,2023-05-18
948,956,Mobile,114.22,9255,2021-04-14
949,429,Broadband.Streaming,253.21,1617,2020-10-12
950,608,Mobile,833.1,5528,2022-09-04
951,628,Mobile,139.75,1759,2020-06-16
952,598,Mobile,393.28,3135,2021-04-13
953,744,Mobile,613.05,1994,2023-07-14
954,746,Mobile,483.51,7722,2023-06-08
955,668,Broadband.Streaming,737.39,3291,2021-04-05
956,798,Broadband.Streaming,303.68,3761,2020-02-04
957,634,Broadband.Streaming,46.71,5956,2021-07-16
958,300,Mobile,883.47,617,2023-11-06
959,482,Mobile,153.15,8837,2022-06-23
960,643,Mobile,137.85,4422,2022-12-11
961,143,Mobile,477.51,5622,2021-05-01
962,724,Mobile,138.12,6486,2022-12-12
963,189,Broadband.Streaming,808.78,6272,2020-10-09
964,779,Mobile,433.05,4042,2021-08-27
965,601,Broadband.Streaming,205.9,6481,2023-07-10
966,186,Mobile,811.01,7540,2020-06-18
967,97,Broadband.Streaming,911.12,768,2022-01-17
968,428,Mobile,186.44,3016,2022-11-25
969,874,Broadband.Streaming,695.19,4240,2021-11-29
970,815,Broadband.Streaming,21.84,6919,2022-04-15
971,814,Broadband.Streaming,6.54,5908,2023-03-08
972,661,Broadband.Streaming,701.02,709,2021-09-23
973,858,Mobile,114.54,83,2023-10-01
974,436,Mobile,143.82,4845,2021-03-01
975,618,Broadband.Streaming,342.78,920,2021-04-23
976,462,Broadband.Streaming,971.88,1719,2021-05-22
977,866,Mobile,312.69,7472,2023-10-18
978,864,Mobile,687.74,9336,2020-12-08
979,320,Mobile,205.27,270,2020-05-25
980,68,Mobile,82.05,381,2021-01-13
981,873,Broadband.Streaming,499.14,9513,2021-07-03
982,241,Broadband.Streaming,722.98,109,2022-06-13
983,446,Broadband.Streaming,727.46,8294,2021-06-25
984,653,Broadband.Streaming,970.07,486,2023-01-27
985,129,Mobile,528.88,9633,2020-01-15
986,52,Broadband.Streaming,365.64,8740,2020-01-06
987,795,Mobile,493.98,1532,2022-11-30
988,326,Mobile,478.98,1578,2020-03-02
989,285,Mobile,904.76,3542,2021-04-04
990,256,Mobile,537.19,9566,2022-09-09
991,70,Mobile,680.84,1520,2020-12-31
992,139,Broadband.Streaming,768.84,1141,2022-01-19
993,318,Mobile,241.12,5334,2021-01-24
994,882,Broadband.Streaming,670.15,2316,2020-09-15
995,335,Broadband.Streaming,474.54,846,2021-11-12
996,942,Mobile,783.47,1948,2020-10-06
997,163,Broadband.Streaming,705.11,1179,2022-11-15
998,89,Mobile,351.56,7281,2021-01-16
999,269,Broadband.Streaming,759.69,6820,2023-10-16
1000,943,Mobile,945.37,4920,2021-05-18
